-- ==========================================================
-- PRODUCTION DATABASE SETUP FOR REGDECK (INVOICEGEN)
-- Generated dynamically from live database schema metadata
-- Date: 2026-07-15T18:19:18.334Z
-- ==========================================================

-- ==========================================================
-- 1. DDL: CREATE TABLES
-- ==========================================================

-- Table: public.ref_languages
CREATE TABLE IF NOT EXISTS public.ref_languages (
  code TEXT PRIMARY KEY NOT NULL,
  label TEXT NOT NULL
);

-- Table: public.ref_regions
CREATE TABLE IF NOT EXISTS public.ref_regions (
  name TEXT PRIMARY KEY NOT NULL
);

-- Table: public.ref_divisions
CREATE TABLE IF NOT EXISTS public.ref_divisions (
  name TEXT PRIMARY KEY NOT NULL
);

-- Table: public.ref_request_types
CREATE TABLE IF NOT EXISTS public.ref_request_types (
  name TEXT PRIMARY KEY NOT NULL
);

-- Table: public.ref_tat_scores
CREATE TABLE IF NOT EXISTS public.ref_tat_scores (
  value INTEGER PRIMARY KEY NOT NULL
);

-- Table: public.ref_work_order_statuses
CREATE TABLE IF NOT EXISTS public.ref_work_order_statuses (
  name TEXT PRIMARY KEY NOT NULL
);

-- Table: public.roles
CREATE TABLE IF NOT EXISTS public.roles (
  id UUID PRIMARY KEY NOT NULL DEFAULT gen_random_uuid(),
  role_name TEXT NOT NULL,
  description TEXT,
  created_at TIMESTAMPTZ NOT NULL DEFAULT now()
);

-- Table: public.holidays
CREATE TABLE IF NOT EXISTS public.holidays (
  id UUID PRIMARY KEY NOT NULL DEFAULT gen_random_uuid(),
  holiday_name TEXT NOT NULL,
  holiday_date DATE NOT NULL
);

-- Table: public.ref_users
CREATE TABLE IF NOT EXISTS public.ref_users (
  name TEXT PRIMARY KEY NOT NULL,
  user_id UUID,
  is_active BOOLEAN NOT NULL DEFAULT true
);

-- Table: public.reference_rate
CREATE TABLE IF NOT EXISTS public.reference_rate (
  id UUID PRIMARY KEY NOT NULL DEFAULT gen_random_uuid(),
  language TEXT NOT NULL,
  tat INTEGER NOT NULL,
  rate_per_word DECIMAL(10,4) NOT NULL,
  created_at TIMESTAMPTZ NOT NULL DEFAULT now(),
  CONSTRAINT uq_reference_rate_language_tat UNIQUE (language, tat)
);

-- Table: public.user_roles
CREATE TABLE IF NOT EXISTS public.user_roles (
  user_id UUID NOT NULL,
  role_id UUID NOT NULL,
  assigned_at TIMESTAMPTZ NOT NULL DEFAULT now(),
  PRIMARY KEY (user_id, role_id)
);

-- Table: public.work_orders
CREATE TABLE IF NOT EXISTS public.work_orders (
  id TEXT PRIMARY KEY NOT NULL,
  created_at TIMESTAMPTZ NOT NULL DEFAULT now(),
  language TEXT NOT NULL DEFAULT 'EN',
  wo_date DATE,
  work_order_number TEXT NOT NULL,
  region TEXT NOT NULL,
  assigned_to TEXT NOT NULL,
  file_number TEXT,
  hearing_date DATE,
  division TEXT NOT NULL,
  request_type TEXT NOT NULL,
  tat INTEGER NOT NULL DEFAULT 5,
  due_date DATE,
  audio_length TEXT,
  word_count TEXT,
  character_wz_space TEXT,
  line_count INTEGER DEFAULT 0,
  delivery_date DATE,
  employee_comments TEXT,
  additional_comments TEXT,
  regdeck_admin_comments TEXT,
  status TEXT NOT NULL DEFAULT 'Pending',
  days_late INTEGER DEFAULT 0,
  created_by UUID NOT NULL,
  late_deduction_amount DECIMAL(10,2) DEFAULT 0,
  total_amount DECIMAL(10,2) DEFAULT 0
);

-- Table: public.division_mappings
CREATE TABLE IF NOT EXISTS public.division_mappings (
  id BIGINT GENERATED BY DEFAULT AS IDENTITY PRIMARY KEY,
  language TEXT NOT NULL,
  division TEXT NOT NULL,
  gl TEXT NOT NULL,
  cc TEXT NOT NULL,
  fa TEXT NOT NULL,
  fund TEXT NOT NULL,
  io TEXT,
  CONSTRAINT uq_division_mappings_language_division UNIQUE (language, division)
);

-- ==========================================================
-- 2. DDL: FOREIGN KEY CONSTRAINTS
-- ==========================================================

ALTER TABLE public.reference_rate
  ADD CONSTRAINT fk_reference_rate_language FOREIGN KEY (language) REFERENCES public.ref_languages(code) ON UPDATE CASCADE ON DELETE RESTRICT,
  ADD CONSTRAINT fk_reference_rate_tat FOREIGN KEY (tat) REFERENCES public.ref_tat_scores(value) ON UPDATE CASCADE ON DELETE RESTRICT;

ALTER TABLE public.user_roles
  ADD CONSTRAINT fk_user_roles_user FOREIGN KEY (user_id) REFERENCES auth.users(id) ON DELETE CASCADE,
  ADD CONSTRAINT fk_user_roles_role FOREIGN KEY (role_id) REFERENCES public.roles(id) ON DELETE CASCADE;

ALTER TABLE public.ref_users
  ADD CONSTRAINT fk_ref_users_auth FOREIGN KEY (user_id) REFERENCES auth.users(id) ON DELETE SET NULL;

ALTER TABLE public.work_orders
  ADD CONSTRAINT fk_work_orders_assigned_to FOREIGN KEY (assigned_to) REFERENCES public.ref_users(name),
  ADD CONSTRAINT fk_work_orders_language FOREIGN KEY (language) REFERENCES public.ref_languages(code),
  ADD CONSTRAINT fk_work_orders_region FOREIGN KEY (region) REFERENCES public.ref_regions(name),
  ADD CONSTRAINT fk_work_orders_division FOREIGN KEY (division) REFERENCES public.ref_divisions(name),
  ADD CONSTRAINT fk_work_orders_request_type FOREIGN KEY (request_type) REFERENCES public.ref_request_types(name),
  ADD CONSTRAINT fk_work_orders_status FOREIGN KEY (status) REFERENCES public.ref_work_order_statuses(name),
  ADD CONSTRAINT fk_work_orders_created_by FOREIGN KEY (created_by) REFERENCES auth.users(id);

-- ==========================================================
-- 3. DML: POPULATE SEED DATA (FROM LIVE DATABASE)
-- ==========================================================

-- Seed Data for ref_languages
INSERT INTO public.ref_languages (code, label) VALUES
  ('EN', 'English'),
  ('FR', 'French')
ON CONFLICT (code) DO NOTHING;

-- Seed Data for ref_regions
INSERT INTO public.ref_regions (name) VALUES
  ('Central'),
  ('Eastern'),
  ('Rexdale'),
  ('Western')
ON CONFLICT (name) DO NOTHING;

-- Seed Data for ref_divisions
INSERT INTO public.ref_divisions (name) VALUES
  ('ID'),
  ('RPD'),
  ('RAD'),
  ('IAD')
ON CONFLICT (name) DO NOTHING;

-- Seed Data for ref_request_types
INSERT INTO public.ref_request_types (name) VALUES
  ('Full'),
  ('Bench')
ON CONFLICT (name) DO NOTHING;

-- Seed Data for ref_tat_scores
INSERT INTO public.ref_tat_scores (value) VALUES
  (10),
  (5),
  (3),
  (2),
  (1)
ON CONFLICT (value) DO NOTHING;

-- Seed Data for ref_work_order_statuses
INSERT INTO public.ref_work_order_statuses (name) VALUES
  ('Pending'),
  ('Done'),
  ('In Process')
ON CONFLICT (name) DO NOTHING;

-- Seed Data for roles
INSERT INTO public.roles (id, role_name, description) VALUES
  ('fa38fcf4-44e5-4973-99dd-2b6538fcbdfe', 'admin', 'Administrator with full system access'),
  ('6b46c49a-3205-47ba-be6f-a35fb3988888', 'manager', 'Manager who can oversee operations'),
  ('e69bfafe-f2c8-4303-96ce-35039537a36c', 'employee', 'Standard employee access')
ON CONFLICT (role_name) DO NOTHING;

-- Seed Data for holidays
INSERT INTO public.holidays (id, holiday_name, holiday_date) VALUES
  ('8fb03131-c1e4-4eb3-bbbb-21fdb3b811a8', 'New Year', '2026-01-01'),
  ('bfbeaf46-3a21-43cf-a994-bcbc05881b5c', 'Good Friday', '2026-04-03'),
  ('d5bd2fdc-208d-437f-9bb6-c94d1a8d784c', 'Easter Monday', '2026-04-06'),
  ('a269c9f0-d2b4-4c49-b5cc-a11ce7cf6e93', 'Victoria Day', '2026-05-18'),
  ('8636965d-af73-447c-bb3e-bd1edeac70f4', 'Saint-Jean-Baptiste Day', '2026-06-24'),
  ('fd9eca5e-eaa0-48e5-a991-26687727d508', 'Canada Day', '2026-07-01'),
  ('1e33eafb-2046-46cb-88e1-ef5b248391f5', 'Civic Holiday', '2026-08-03'),
  ('0753cbd1-e437-4298-9404-9abce3845a0e', 'Labour Day', '2026-09-07'),
  ('9d5f3d20-ade7-41a3-b8ae-e2a1d66e94d4', 'National Day for Truth and Reconciliation', '2026-09-30'),
  ('ee77ed35-b356-428c-8378-724b262f991b', 'Thanksgiving Day', '2026-10-12'),
  ('15298a0d-86c1-4cde-9435-437bcf43b335', 'Remembrance Day', '2026-11-11'),
  ('aa292a4b-9b44-4339-868a-73b9314a48cc', 'Christmas Day', '2026-12-25'),
  ('5c924332-8568-437f-a8a7-a70c558eba5a', 'Boxing Day', '2026-12-26')
ON CONFLICT (holiday_date) DO NOTHING;

-- Seed Data for reference_rate
INSERT INTO public.reference_rate (id, language, tat, rate_per_word) VALUES
  ('ce3e206e-3371-48c5-b3f5-c81f973f4a9c', 'EN', 10, 0.0180),
  ('f7061af5-9060-4472-98e7-6833a84b73e5', 'EN', 3, 0.0120),
  ('f422965d-55ee-4083-a87e-c2ea3205eef4', 'EN', 2, 0.0140),
  ('c45393c7-2c6a-467b-bc5a-ae147c39f442', 'FR', 10, 0.0470),
  ('4d848405-6234-43ba-8b4f-c7e476556b90', 'FR', 5, 0.0480),
  ('8cb1785e-afda-495d-a450-00a69a1c0858', 'FR', 3, 0.0400),
  ('c6a03a3a-8b6a-477c-abd9-2d433bfac65b', 'FR', 2, 0.0400),
  ('3b0575e7-bcd7-4b78-b139-b76d31efb389', 'FR', 1, 0.0400),
  ('5268f795-f404-4a26-b813-43020112f80e', 'EN', 5, 0.0280),
  ('f008bb67-786c-405d-8c57-5566ca585327', 'EN', 1, 0.0120)
ON CONFLICT ON CONSTRAINT uq_reference_rate_language_tat DO NOTHING;

-- Seed Data for division_mappings
INSERT INTO public.division_mappings (language, division, gl, cc, fa, fund, io) VALUES
  ('EN', 'RPD', '504046', '816232', '4301', '8110', ''),
  ('EN', 'RAD', '504046', '816232', '4321', '8110', ''),
  ('EN', 'IAD', '504046', '816232', '4341', '8110', ''),
  ('EN', 'ID',  '504046', '816232', '4361', '8110', ''),
  ('FR', 'RPD', '504046', '816232', '4301', '8110', ''),
  ('FR', 'RAD', '504046', '816232', '4321', '8110', ''),
  ('FR', 'IAD', '504046', '816232', '4341', '8110', ''),
  ('FR', 'ID',  '504046', '816232', '4361', '8110', '')
ON CONFLICT (language, division) DO NOTHING;

-- ==========================================================
-- 4. DDL: CUSTOM ACCESS TOKEN HOOK
-- ==========================================================

CREATE OR REPLACE FUNCTION public.custom_access_token_hook(event jsonb)
RETURNS jsonb
LANGUAGE plpgsql
SECURITY DEFINER
SET search_path = ''
AS $$
DECLARE
    claims jsonb;
    user_roles_array jsonb;
BEGIN
    claims := event->'claims';

    SELECT COALESCE(jsonb_agg(r.role_name), '[]'::jsonb)
    INTO user_roles_array
    FROM public.user_roles ur
    JOIN public.roles r ON ur.role_id = r.id
    WHERE ur.user_id = (event->>'user_id')::uuid;

    claims := jsonb_set(claims, '{user_roles}', user_roles_array);

    RETURN jsonb_build_object('claims', claims);
END;
$$;

GRANT USAGE ON SCHEMA public TO supabase_auth_admin;
GRANT EXECUTE ON FUNCTION public.custom_access_token_hook TO supabase_auth_admin;
GRANT SELECT ON TABLE public.roles TO supabase_auth_admin;
GRANT SELECT ON TABLE public.user_roles TO supabase_auth_admin;

REVOKE ALL ON FUNCTION public.custom_access_token_hook FROM PUBLIC;
REVOKE ALL ON FUNCTION public.custom_access_token_hook FROM anon;
REVOKE ALL ON FUNCTION public.custom_access_token_hook FROM authenticated;


-- ==========================================================
-- 5. DDL: ROW LEVEL SECURITY (RLS) POLICIES
-- ==========================================================

-- Enable Row Level Security (RLS) on all tables
ALTER TABLE public.ref_languages ENABLE ROW LEVEL SECURITY;
ALTER TABLE public.ref_regions ENABLE ROW LEVEL SECURITY;
ALTER TABLE public.ref_divisions ENABLE ROW LEVEL SECURITY;
ALTER TABLE public.ref_request_types ENABLE ROW LEVEL SECURITY;
ALTER TABLE public.ref_tat_scores ENABLE ROW LEVEL SECURITY;
ALTER TABLE public.ref_work_order_statuses ENABLE ROW LEVEL SECURITY;
ALTER TABLE public.roles ENABLE ROW LEVEL SECURITY;
ALTER TABLE public.holidays ENABLE ROW LEVEL SECURITY;
ALTER TABLE public.ref_users ENABLE ROW LEVEL SECURITY;
ALTER TABLE public.reference_rate ENABLE ROW LEVEL SECURITY;
ALTER TABLE public.user_roles ENABLE ROW LEVEL SECURITY;
ALTER TABLE public.work_orders ENABLE ROW LEVEL SECURITY;

-- 5a. Lookup / Reference Tables (Allow read access to authenticated users)
CREATE POLICY "Anyone authenticated can read ref_languages"
  ON public.ref_languages FOR SELECT TO authenticated
  USING (true);

CREATE POLICY "Anyone authenticated can read ref_regions"
  ON public.ref_regions FOR SELECT TO authenticated
  USING (true);

CREATE POLICY "Anyone authenticated can read ref_divisions"
  ON public.ref_divisions FOR SELECT TO authenticated
  USING (true);

CREATE POLICY "Anyone authenticated can read ref_request_types"
  ON public.ref_request_types FOR SELECT TO authenticated
  USING (true);

CREATE POLICY "Anyone authenticated can read ref_tat_scores"
  ON public.ref_tat_scores FOR SELECT TO authenticated
  USING (true);

CREATE POLICY "Anyone authenticated can read ref_work_order_statuses"
  ON public.ref_work_order_statuses FOR SELECT TO authenticated
  USING (true);

CREATE POLICY "Roles are viewable by all authenticated users"
  ON public.roles FOR SELECT TO authenticated
  USING (true);

CREATE POLICY "Holidays are viewable by all authenticated users"
  ON public.holidays FOR SELECT TO authenticated
  USING (true);

-- 5b. ref_users Policies
CREATE POLICY "Anyone authenticated can read ref_users"
  ON public.ref_users FOR SELECT TO authenticated
  USING (true);

CREATE POLICY "ref_users_admin_insert"
  ON public.ref_users FOR INSERT TO authenticated
  WITH CHECK ((auth.jwt() -> 'user_roles') ? 'admin');

CREATE POLICY "ref_users_admin_update"
  ON public.ref_users FOR UPDATE TO authenticated
  USING ((auth.jwt() -> 'user_roles') ? 'admin')
  WITH CHECK ((auth.jwt() -> 'user_roles') ? 'admin');

-- 5c. reference_rate Policies
CREATE POLICY "Authenticated users can read reference_rate"
  ON public.reference_rate FOR SELECT TO authenticated
  USING (true);

CREATE POLICY "reference_rate_admin_manager_write"
  ON public.reference_rate FOR ALL TO authenticated
  USING (
    (auth.jwt() -> 'user_roles') ? 'admin' 
    OR (auth.jwt() -> 'user_roles') ? 'manager'
  )
  WITH CHECK (
    (auth.jwt() -> 'user_roles') ? 'admin' 
    OR (auth.jwt() -> 'user_roles') ? 'manager'
  );

-- 5d. user_roles Policies
CREATE POLICY "user_roles_select"
  ON public.user_roles FOR SELECT TO authenticated
  USING (true);

CREATE POLICY "user_roles_admin_write"
  ON public.user_roles FOR INSERT TO authenticated
  WITH CHECK ((auth.jwt() -> 'user_roles') ? 'admin');

CREATE POLICY "user_roles_admin_update"
  ON public.user_roles FOR UPDATE TO authenticated
  USING ((auth.jwt() -> 'user_roles') ? 'admin');

CREATE POLICY "user_roles_admin_delete"
  ON public.user_roles FOR DELETE TO authenticated
  USING ((auth.jwt() -> 'user_roles') ? 'admin');

-- 5e. work_orders Policies
CREATE POLICY "Authenticated users can view all work orders"
  ON public.work_orders FOR SELECT TO authenticated
  USING (true);

CREATE POLICY "Authenticated users can insert work orders"
  ON public.work_orders FOR INSERT TO authenticated
  WITH CHECK (auth.uid() = created_by);

CREATE POLICY "work_orders_update"
  ON public.work_orders FOR UPDATE TO authenticated
  USING (
    (auth.jwt() -> 'user_roles') ? 'admin'
    OR (auth.jwt() -> 'user_roles') ? 'manager'
    OR EXISTS (
      SELECT 1 FROM public.ref_users ru 
      WHERE ru.name = work_orders.assigned_to AND ru.user_id = auth.uid()
    )
    OR auth.uid() = created_by
  );

CREATE POLICY "work_orders_delete"
  ON public.work_orders FOR DELETE TO authenticated
  USING (
    (auth.jwt() -> 'user_roles') ? 'admin'
    OR (auth.jwt() -> 'user_roles') ? 'manager'
  );

-- 5f. division_mappings Policies
ALTER TABLE public.division_mappings ENABLE ROW LEVEL SECURITY;

CREATE POLICY "Allow authenticated users to read division mappings"
  ON public.division_mappings FOR SELECT TO authenticated
  USING (true);

CREATE POLICY "Allow admin and manager to modify division mappings"
  ON public.division_mappings FOR ALL TO authenticated
  USING (
    ((auth.jwt() -> 'user_roles'::text) ? 'admin'::text) OR
    ((auth.jwt() -> 'user_roles'::text) ? 'manager'::text)
  )
  WITH CHECK (
    ((auth.jwt() -> 'user_roles'::text) ? 'admin'::text) OR
    ((auth.jwt() -> 'user_roles'::text) ? 'manager'::text)
  );

